858,btv1b530503232.jpg
1638,btv1b53050325z.jpg
1532,btv1b530503289.jpg
2,btv1b53050331k.jpg
1,btv1b530503321.jpg
438,btv1b53050333g.jpg
570,btv1b53050335c.jpg
1010,btv1b530503410.jpg
900,btv1b53050342f.jpg
106,btv1b53050344b.jpg
9,btv1b530503484.jpg
1410,btv1b53050351d.jpg
1077,btv1b530503573.jpg
1068,btv1b53050358j.jpg
1147,btv1b53050361t.jpg
664,btv1b53050363q.jpg
1648,btv1b530503717.jpg
594,btv1b530503751.jpg
867,btv1b53050379t.jpg
1497,btv1b530503840.jpg
191,btv1b53050387b.jpg
1485,btv1b530503897.jpg
360,btv1b53050393z.jpg
1087,btv1b53050394d.jpg
707,btv1b53050403m.jpg
27,btv1b53050405h.jpg
308,btv1b53050412k.jpg
1220,btv1b53050419q.jpg
1073,btv1b53050421j.jpg
1074,btv1b530504220.jpg
1177,btv1b53050423f.jpg
794,btv1b530504366.jpg
1130,btv1b53050437n.jpg
1115,btv1b530504383.jpg
1247,btv1b53050440x.jpg
562,btv1b530504438.jpg
5,btv1b530504472.jpg
167,btv1b53050450b.jpg
40,btv1b53050451s.jpg
1409,btv1b530504527.jpg
951,btv1b530504544.jpg
862,btv1b530504561.jpg
997,btv1b530504633.jpg
1451,btv1b530504650.jpg
242,btv1b53050473h.jpg
481,btv1b53050476v.jpg
131,btv1b530504868.jpg
1608,btv1b53050487q.jpg
342,btv1b530504885.jpg
1589,btv1b53050489m.jpg
149,btv1b53050493b.jpg
599,btv1b530504957.jpg
710,btv1b530504991.jpg
1799,btv1b530505013.jpg
1684,btv1b53050502j.jpg
555,btv1b53050504f.jpg
567,btv1b53050505w.jpg
1357,btv1b53050506b.jpg
775,btv1b53050509p.jpg
746,btv1b53050513d.jpg
264,btv1b530505193.jpg
1104,btv1b530505248.jpg
478,btv1b530505337.jpg
81,btv1b53050534p.jpg
25,btv1b530505354.jpg
1765,btv1b530505371.jpg
1642,btv1b53050539x.jpg
298,btv1b530505409.jpg
1394,btv1b53050541r.jpg
22,btv1b530505426.jpg
938,btv1b53050547f.jpg
485,btv1b53050548w.jpg
715,btv1b53050549b.jpg
583,btv1b530505532.jpg
1379,btv1b53050555z.jpg
1428,btv1b530505604.jpg
369,btv1b53050561k.jpg
721,btv1b53050565c.jpg
1054,btv1b53050566t.jpg
614,btv1b530505678.jpg
1126,btv1b530505710.jpg
210,btv1b53050575s.jpg
1574,btv1b530505767.jpg
266,btv1b530505839.jpg
1173,btv1b530505890.jpg
803,btv1b53050590c.jpg
550,btv1b53050591t.jpg
450,btv1b530505928.jpg
807,btv1b530506001.jpg
544,btv1b53050601g.jpg
812,btv1b53050602x.jpg
1342,btv1b53050603c.jpg
119,btv1b530506058.jpg
309,btv1b53050606q.jpg
1554,btv1b53050612b.jpg
1089,btv1b530506147.jpg
1045,btv1b53050619g.jpg
561,btv1b53050620v.jpg
1243,btv1b530506236.jpg
1473,btv1b530506253.jpg
1367,btv1b53050626j.jpg
99,btv1b530506270.jpg
1678,btv1b53050628f.jpg
1695,btv1b53050629w.jpg
1289,btv1b530506342.jpg
1314,btv1b53050636z.jpg
835,btv1b53050642k.jpg
1319,btv1b530506431.jpg
164,btv1b53050647t.jpg
1566,btv1b53050651j.jpg
1567,btv1b530506520.jpg
1577,btv1b53050653f.jpg
1270,btv1b53050660h.jpg
978,btv1b53050662d.jpg
936,btv1b53050663v.jpg
300,btv1b530506666.jpg
1405,btv1b530506683.jpg
172,btv1b53050669j.jpg
1028,btv1b53050674q.jpg
1108,btv1b530506755.jpg
941,btv1b53050680b.jpg
1084,btv1b53050681s.jpg
487,btv1b53050683p.jpg
176,btv1b530506844.jpg
1619,btv1b530506861.jpg
1717,btv1b53050688x.jpg
1662,btv1b53050692n.jpg
1339,btv1b53050696f.jpg
654,btv1b53050698b.jpg
459,btv1b53050699s.jpg
623,btv1b53050709f.jpg
1693,btv1b53050714m.jpg
104,btv1b53050716h.jpg
1499,btv1b530507207.jpg
77,btv1b530507224.jpg
1726,btv1b53050723k.jpg
758,btv1b530507241.jpg
598,btv1b53050725g.jpg
759,btv1b53050726x.jpg
1159,btv1b53050727c.jpg
942,btv1b530507298.jpg
699,btv1b53050730n.jpg
307,btv1b53050735w.jpg
126,btv1b53050739p.jpg
336,btv1b53050743d.jpg
937,btv1b53050750g.jpg
824,btv1b53050751x.jpg
528,btv1b53050753t.jpg
211,btv1b530507637.jpg
677,btv1b530507654.jpg
787,btv1b53050766k.jpg
1134,btv1b530507671.jpg
451,btv1b53050768g.jpg
1315,btv1b53050771r.jpg
1198,btv1b53050773n.jpg
1408,btv1b530507760.jpg
315,btv1b530507815.jpg
669,btv1b53050785z.jpg
788,btv1b530507889.jpg
1291,btv1b53050791k.jpg
964,btv1b53050793g.jpg
1521,btv1b530507978.jpg
1739,btv1b530507995.jpg
658,btv1b530508017.jpg
306,btv1b53050804k.jpg
1598,btv1b530508051.jpg
1709,btv1b53050808c.jpg
1447,btv1b53050809t.jpg
405,btv1b530508106.jpg
1650,btv1b53050811n.jpg
182,btv1b53050813j.jpg
931,btv1b530508140.jpg
973,btv1b53050818s.jpg
1013,btv1b53050820m.jpg
797,btv1b53050822h.jpg
1472,btv1b53050824d.jpg
1573,btv1b53050825v.jpg
319,btv1b53050827r.jpg
60,btv1b53050832x.jpg
744,btv1b530508358.jpg
609,btv1b53050836q.jpg
617,btv1b53050838m.jpg
1194,btv1b530508392.jpg
834,btv1b53050840f.jpg
741,btv1b53050841w.jpg
1420,btv1b53050849g.jpg
1570,btv1b530508519.jpg
1797,btv1b53050852r.jpg
901,btv1b53050856j.jpg
1158,btv1b530508608.jpg
593,btv1b53050861q.jpg
1035,btv1b530508625.jpg
476,btv1b53050863m.jpg
340,btv1b53050870p.jpg
91,btv1b53050872k.jpg
703,btv1b53050877t.jpg
881,btv1b530508788.jpg
991,btv1b53050879q.jpg
1081,btv1b530508803.jpg
492,btv1b530508820.jpg
354,btv1b53050884w.jpg
144,btv1b53050885b.jpg
1402,btv1b53050886s.jpg
30,btv1b530508894.jpg
344,btv1b53050890h.jpg
410,btv1b53050891z.jpg
20,btv1b53050893v.jpg
768,btv1b53050895r.jpg
463,btv1b530508983.jpg
499,btv1b530653485.jpg
1230,btv1b530653500.jpg
1170,btv1b530653663.jpg
763,btv1b530653680.jpg
814,btv1b530653735.jpg
1707,btv1b53065374m.jpg
1039,btv1b53065386x.jpg
643,btv1b53065387c.jpg
1657,btv1b53065399p.jpg
290,btv1b53065415z.jpg
1725,btv1b53065419r.jpg
456,btv1b53065424x.jpg
1306,btv1b53065430j.jpg
269,btv1b53065437p.jpg
1298,btv1b53065444r.jpg
496,btv1b53065448j.jpg
665,btv1b53065450c.jpg
780,btv1b530654528.jpg
1676,btv1b53065457h.jpg
1090,btv1b53065468c.jpg
1659,btv1b530654740.jpg
232,btv1b53065477b.jpg
1667,btv1b530654797.jpg
178,btv1b53065480m.jpg
1611,btv1b530654812.jpg
480,btv1b53065484d.jpg
1449,btv1b530654975.jpg
1390,btv1b53065498m.jpg
415,btv1b530654992.jpg
1747,btv1b53065505x.jpg
1418,btv1b53065507t.jpg
1540,btv1b530655088.jpg
425,btv1b53065513f.jpg
556,btv1b53065518p.jpg
718,btv1b53065521z.jpg
1548,btv1b530655249.jpg
1658,btv1b530655338.jpg
1343,btv1b53065539z.jpg
1781,btv1b530655461.jpg
1617,btv1b53065550r.jpg
157,btv1b53065570k.jpg
272,btv1b53065572g.jpg
680,btv1b53065581f.jpg
1246,btv1b53065582w.jpg
103,btv1b530655874.jpg
1634,btv1b53065593r.jpg
1053,btv1b53065597j.jpg
1311,btv1b53065599f.jpg
1490,btv1b53065617m.jpg
416,btv1b53065619h.jpg
1750,btv1b53065622s.jpg
1351,btv1b530656309.jpg
8,btv1b530656415.jpg
889,btv1b53065644h.jpg
1231,btv1b53065649r.jpg
732,btv1b530656504.jpg
1421,btv1b53065655c.jpg
1381,btv1b53065663w.jpg
1788,btv1b53065681t.jpg
1345,btv1b530656862.jpg
1332,btv1b53065690s.jpg
708,btv1b53065692p.jpg
1397,btv1b53065694k.jpg
74,btv1b530656951.jpg
674,btv1b53065702b.jpg
452,btv1b53065703s.jpg
201,btv1b530657047.jpg
11,btv1b53065705p.jpg
1196,btv1b53065714n.jpg
1382,btv1b53065727d.jpg
1508,btv1b53065732k.jpg
831,btv1b53065734g.jpg
1321,btv1b53065737t.jpg
1163,btv1b530657388.jpg
181,btv1b530657494.jpg
514,btv1b53065760x.jpg
1293,btv1b530657638.jpg
45,btv1b53065766m.jpg
676,btv1b53065779c.jpg
859,btv1b53065780r.jpg
743,btv1b53065782n.jpg
1687,btv1b530657922.jpg
899,btv1b53065794z.jpg
444,btv1b53065796v.jpg
1226,btv1b530657996.jpg
1404,btv1b530658035.jpg
1325,btv1b530658052.jpg
1280,btv1b53065807z.jpg
1778,btv1b53065815g.jpg
1384,btv1b53065816x.jpg
1528,btv1b53065820n.jpg
372,btv1b530658213.jpg
263,btv1b53065822j.jpg
844,btv1b53065826b.jpg
1317,btv1b530658287.jpg
1796,btv1b53065834v.jpg
98,btv1b53065838n.jpg
681,btv1b53065849h.jpg
1444,btv1b530658626.jpg
536,btv1b53065867f.jpg
829,btv1b53065870q.jpg
14,btv1b53065881k.jpg
467,btv1b530658895.jpg
1652,btv1b530658967.jpg
1549,btv1b53065899k.jpg
776,btv1b53065901n.jpg
1116,btv1b53065903j.jpg
4,btv1b530659097.jpg
153,btv1b53065910m.jpg
506,btv1b53065915v.jpg
624,btv1b530659169.jpg
1663,btv1b530659258.jpg
489,btv1b53065937k.jpg
760,btv1b53065939g.jpg
830,btv1b530659436.jpg
299,btv1b53065948f.jpg
89,btv1b530659525.jpg
581,btv1b53065958v.jpg
917,btv1b530659599.jpg
1304,btv1b530659614.jpg
962,btv1b53065962k.jpg
505,btv1b530659631.jpg
1534,btv1b53065966c.jpg
1756,btv1b530659688.jpg
1792,btv1b530659703.jpg
202,btv1b53065973f.jpg
1227,btv1b530659777.jpg
687,btv1b530659794.jpg
160,btv1b53065989j.jpg
325,btv1b530659938.jpg
896,btv1b530659972.jpg
1295,btv1b53066008q.jpg
1305,btv1b530660095.jpg
1131,btv1b53066012f.jpg
1215,btv1b53066024r.jpg
644,btv1b530660273.jpg
809,btv1b530660328.jpg
418,btv1b530660362.jpg
233,btv1b53066038z.jpg
591,btv1b53066053j.jpg
243,btv1b53066056w.jpg
29,btv1b53066057b.jpg
1400,btv1b53066058s.jpg
1433,btv1b530660597.jpg
1122,btv1b53066064d.jpg
1005,btv1b530660669.jpg
1254,btv1b530660686.jpg
249,btv1b530660758.jpg
1629,btv1b530660792.jpg
1582,btv1b53066081w.jpg
841,btv1b53066092r.jpg
158,btv1b530660953.jpg
1415,btv1b530660970.jpg
253,btv1b53066098f.jpg
1602,btv1b53066109j.jpg
352,btv1b53066110x.jpg
1768,btv1b53066111c.jpg
1439,btv1b530661138.jpg
766,btv1b53066114q.jpg
1125,btv1b53066121s.jpg
426,btv1b53066129c.jpg
1636,btv1b53066132n.jpg
1467,btv1b530662751.jpg
1583,btv1b53066297r.jpg
324,btv1b530662986.jpg
645,btv1b530663008.jpg
141,btv1b530663042.jpg
184,btv1b53066306z.jpg
1378,btv1b530663114.jpg
578,btv1b53066314g.jpg
1148,btv1b53066315x.jpg
1149,btv1b53066316c.jpg
1106,btv1b53066317t.jpg
500,btv1b530663220.jpg
855,btv1b53066323f.jpg
363,btv1b53066324w.jpg
322,btv1b53066330h.jpg
783,btv1b53066340x.jpg
568,btv1b53066342t.jpg
1014,btv1b530663438.jpg
627,btv1b530663544.jpg
1144,btv1b53066360r.jpg
584,btv1b530663633.jpg
1591,btv1b53066366f.jpg
189,btv1b53066369s.jpg
351,btv1b530663722.jpg
1774,btv1b53066373h.jpg
828,btv1b530663796.jpg
1380,btv1b53066385t.jpg
1442,btv1b530663868.jpg
412,btv1b53066387q.jpg
972,btv1b530663957.jpg
634,btv1b53066396p.jpg
755,btv1b53066402j.jpg
245,btv1b53066407s.jpg
1738,btv1b530664087.jpg
1639,btv1b53066409p.jpg
121,btv1b53066412z.jpg
1260,btv1b53066414v.jpg
1155,btv1b530664193.jpg
1288,btv1b53066421x.jpg
1635,btv1b53066425q.jpg
1465,btv1b53066432s.jpg
904,btv1b530664354.jpg
891,btv1b530664371.jpg
1112,btv1b53066438g.jpg
779,btv1b53066439x.jpg
1236,btv1b530664409.jpg
443,btv1b53066441r.jpg
1578,btv1b530664443.jpg
437,btv1b53066445j.jpg
436,btv1b530664460.jpg
6,btv1b53066447f.jpg
1517,btv1b530664532.jpg
518,btv1b53066454h.jpg
503,btv1b53066455z.jpg
857,btv1b53066457v.jpg
839,btv1b530664589.jpg
1067,btv1b53066459r.jpg
545,btv1b530664604.jpg
1261,btv1b53066461k.jpg
310,btv1b53066464x.jpg
120,btv1b53066466t.jpg
1713,btv1b530664695.jpg
1500,btv1b53066470j.jpg
1093,btv1b53066475s.jpg
475,btv1b53066477p.jpg
1041,btv1b530664784.jpg
816,btv1b53066482v.jpg
185,btv1b53066484r.jpg
1664,btv1b530664873.jpg
1322,btv1b53066495m.jpg
1135,btv1b530665058.jpg
361,btv1b53066515p.jpg
19,btv1b530665236.jpg
921,btv1b53066524n.jpg
199,btv1b530672990.jpg
117,btv1b53067346z.jpg
311,btv1b53071509n.jpg
1584,btv1b53071525p.jpg
622,btv1b53071541q.jpg
430,btv1b530715514.jpg
1715,btv1b53071568p.jpg
929,btv1b53071577n.jpg
1763,btv1b53071589z.jpg
112,btv1b53071602w.jpg
1142,btv1b53071606p.jpg
1008,btv1b53071608k.jpg
1303,btv1b53071611v.jpg
1632,btv1b530716163.jpg
254,btv1b530716180.jpg
358,btv1b530716430.jpg
1287,btv1b530716843.jpg
207,btv1b53071694h.jpg
571,btv1b53071739n.jpg
1482,btv1b530718016.jpg
470,btv1b53071825t.jpg
424,btv1b53071859v.jpg
912,btv1b53071872j.jpg
1621,btv1b53071883d.jpg
498,btv1b530718876.jpg
1685,btv1b53071897m.jpg
65,btv1b53071904x.jpg
357,btv1b53071906t.jpg
1730,btv1b530719078.jpg
1711,btv1b53071910j.jpg
1334,btv1b53071915s.jpg
378,btv1b530719273.jpg
113,btv1b53071931t.jpg
692,btv1b53071935m.jpg
1120,btv1b53071937h.jpg
97,btv1b53071944k.jpg
1474,btv1b53071948c.jpg
380,btv1b53071953j.jpg
1065,btv1b53071955f.jpg
974,btv1b53071974t.jpg
1026,btv1b53071980f.jpg
225,btv1b530719847.jpg
1218,btv1b530719970.jpg
603,btv1b53071999w.jpg
641,btv1b53072011x.jpg
1276,btv1b53072067p.jpg
719,btv1b530720684.jpg
655,btv1b53072070z.jpg
870,btv1b530720862.jpg
1588,btv1b53072099t.jpg
1256,btv1b53072118f.jpg
123,btv1b53072132k.jpg
460,btv1b53072135x.jpg
1496,btv1b53072148p.jpg
1011,btv1b53072160x.jpg
799,btv1b530721638.jpg
1363,btv1b53072166m.jpg
389,btv1b53072171s.jpg
1759,btv1b530721727.jpg
618,btv1b53072178x.jpg
0,btv1b53072189s.jpg
508,btv1b53072195d.jpg
601,btv1b53072208d.jpg
701,btv1b530722124.jpg
278,btv1b530722230.jpg
431,btv1b53072243t.jpg
1365,btv1b530723040.jpg
130,btv1b53072328m.jpg
950,btv1b530723631.jpg
682,btv1b53072376s.jpg
219,btv1b530724085.jpg
697,btv1b53072510c.jpg
990,btv1b53072585h.jpg
1731,btv1b53072595x.jpg
1426,btv1b53072607g.jpg
1216,btv1b53072623h.jpg
1488,btv1b53072633x.jpg
883,btv1b530726368.jpg
1376,btv1b530726474.jpg
1552,btv1b53072650d.jpg
396,btv1b53079620k.jpg
1735,btv1b53079623x.jpg
1712,btv1b53079641v.jpg
72,btv1b53079656h.jpg
96,btv1b530796624.jpg
1696,btv1b53079663k.jpg
376,btv1b53079674f.jpg
926,btv1b53079701k.jpg
1450,btv1b53079708q.jpg
1241,btv1b530797597.jpg
651,btv1b530797758.jpg
648,btv1b53079798f.jpg
1432,btv1b53079820b.jpg
64,btv1b53079823p.jpg
345,btv1b53079841m.jpg
817,btv1b53079901b.jpg
1761,btv1b530799645.jpg
1423,btv1b530800444.jpg
987,btv1b53080074c.jpg
1038,btv1b530800800.jpg
1213,btv1b53080081f.jpg
1434,btv1b53080086p.jpg
821,btv1b53080099f.jpg
1536,btv1b53080102z.jpg
745,btv1b530801093.jpg
693,btv1b53080112c.jpg
1736,btv1b53080120w.jpg
592,btv1b53080128g.jpg
1222,btv1b53080131r.jpg
1340,btv1b53080133n.jpg
1417,btv1b530801773.jpg
203,btv1b53080232k.jpg
1021,btv1b530802420.jpg
1469,btv1b530802494.jpg
1193,btv1b53080257n.jpg
879,btv1b530802638.jpg
1491,btv1b530802655.jpg
523,btv1b530802761.jpg
462,btv1b530802833.jpg
18,btv1b530802850.jpg
93,btv1b530803018.jpg
1354,btv1b53080304m.jpg
1443,btv1b530803213.jpg
137,btv1b530803230.jpg
140,btv1b530803393.jpg
827,btv1b53080347m.jpg
531,btv1b530803537.jpg
607,btv1b53080369b.jpg
1301,btv1b530803895.jpg
811,btv1b53080428m.jpg
1259,btv1b53081493m.jpg
1070,btv1b53081501c.jpg
1348,btv1b530815629.jpg
3,btv1b53081569f.jpg
1180,btv1b53081574m.jpg
625,btv1b53081576h.jpg
678,btv1b53081583k.jpg
1810,btv1b53081585g.jpg
314,btv1b530815898.jpg
1764,btv1b530816009.jpg
194,btv1b53081614h.jpg
224,btv1b530816189.jpg
1453,btv1b53081619r.jpg
853,btv1b53081624x.jpg
1199,btv1b53081628q.jpg
1002,btv1b53081644r.jpg
1146,btv1b53081668c.jpg
1320,btv1b53081671n.jpg
927,btv1b53081689n.jpg
1137,btv1b530817014.jpg
183,btv1b53081749c.jpg
675,btv1b53081795n.jpg
798,btv1b530817963.jpg
1308,btv1b53081826k.jpg
589,btv1b530818667.jpg
1728,btv1b53081874r.jpg
1368,btv1b53081971s.jpg
37,btv1b53081986f.jpg
897,btv1b53081996v.jpg
1232,btv1b530819979.jpg
365,btv1b530820028.jpg
1076,btv1b530820045.jpg
1066,btv1b53082009d.jpg
82,btv1b530820206.jpg
1722,btv1b530820223.jpg
1275,btv1b530820240.jpg
872,btv1b53082027b.jpg
1360,btv1b530820636.jpg
1136,btv1b530820653.jpg
1250,btv1b53082066j.jpg
1316,btv1b530820725.jpg
215,btv1b53082125t.jpg
124,btv1b53082170n.jpg
1440,btv1b530821893.jpg
910,btv1b530822095.jpg
842,btv1b530822847.jpg
738,btv1b53082285p.jpg
453,btv1b530822936.jpg
7,btv1b53082299w.jpg
1545,btv1b53082309j.jpg
1346,btv1b530823172.jpg
667,btv1b530915632.jpg
1133,btv1b53091580j.jpg
364,btv1b530915939.jpg
650,btv1b53091611g.jpg
1385,btv1b53091614t.jpg
262,btv1b53091620f.jpg
1179,btv1b530916281.jpg
731,btv1b53091652k.jpg
55,btv1b53091657t.jpg
1377,btv1b530916838.jpg
597,btv1b53091738t.jpg
1522,btv1b530917648.jpg
1174,btv1b530917809.jpg
331,btv1b53091790q.jpg
1571,btv1b530917932.jpg
395,btv1b53091800c.jpg
1698,btv1b53091843c.jpg
49,btv1b530918564.jpg
474,btv1b530918670.jpg
1152,btv1b53091868f.jpg
80,btv1b530918799.jpg
1224,btv1b53091886c.jpg
761,btv1b53091893f.jpg
148,btv1b530918994.jpg
804,btv1b530919033.jpg
265,btv1b53091911m.jpg
600,btv1b530919357.jpg
1392,btv1b53092020h.jpg
1770,btv1b53092022d.jpg
914,btv1b53092032t.jpg
1593,btv1b53092034q.jpg
1665,btv1b530920427.jpg
1330,btv1b530920533.jpg
73,btv1b53092056f.jpg
836,btv1b53092073x.jpg
277,btv1b53092077q.jpg
1456,btv1b53092081f.jpg
461,btv1b53092103d.jpg
1586,btv1b530921076.jpg
24,btv1b53092111x.jpg
1253,btv1b53092121b.jpg
209,btv1b53092126k.jpg
1475,btv1b530921271.jpg
1539,btv1b53092133n.jpg
1624,btv1b53092144h.jpg
373,btv1b53092149r.jpg
1129,btv1b53092154x.jpg
399,btv1b530921684.jpg
15,btv1b53092170z.jpg
386,btv1b530922170.jpg
341,btv1b53092223m.jpg
1157,btv1b53092245b.jpg
282,btv1b53092261c.jpg
429,btv1b53092278x.jpg
1526,btv1b53092280r.jpg
455,btv1b530922922.jpg
312,btv1b53092295d.jpg
754,btv1b530923018.jpg
241,btv1b53092306h.jpg
1458,btv1b530923302.jpg
1359,btv1b53092332z.jpg
1234,btv1b53092340g.jpg
629,btv1b53092356k.jpg
1058,btv1b530923571.jpg
919,btv1b53092363n.jpg
1484,btv1b53092388q.jpg
1214,btv1b53092401n.jpg
1775,btv1b53092405f.jpg
1483,btv1b53092410m.jpg
227,btv1b53092413z.jpg
948,btv1b53092423c.jpg
893,btv1b530924364.jpg
1201,btv1b53097443x.jpg
564,btv1b53097454s.jpg
1128,btv1b530974574.jpg
1646,btv1b53097465n.jpg
1592,btv1b53097470t.jpg
1551,btv1b53097488t.jpg
187,btv1b530974913.jpg
1027,btv1b530974987.jpg
1520,btv1b530975026.jpg
1297,btv1b53097509b.jpg
216,btv1b53097516d.jpg
223,btv1b530975189.jpg
1610,btv1b53097521k.jpg
1207,btv1b53097528q.jpg
993,btv1b53097544r.jpg
1481,btv1b53097583z.jpg
903,btv1b53097589n.jpg
1743,btv1b530975975.jpg
1098,btv1b53097600p.jpg
1165,btv1b53097602k.jpg
756,btv1b530976031.jpg
747,btv1b53097621z.jpg
1627,btv1b530976516.jpg
1701,btv1b53097664z.jpg
873,btv1b530976768.jpg
636,btv1b530976785.jpg
1672,btv1b530976891.jpg
177,btv1b53097690d.jpg
493,btv1b530976963.jpg
1083,btv1b53097697j.jpg
107,btv1b530977002.jpg
547,btv1b53097708n.jpg
606,btv1b53097710g.jpg
63,btv1b530977148.jpg
918,btv1b53097724p.jpg
992,btv1b530977254.jpg
527,btv1b53097745z.jpg
868,btv1b530977489.jpg
1110,btv1b53097753g.jpg
1600,btv1b530977595.jpg
1758,btv1b53097763w.jpg
679,btv1b53097771d.jpg
1804,btv1b530977756.jpg
730,btv1b530977845.jpg
1071,btv1b53097788z.jpg
1372,btv1b53097796g.jpg
247,btv1b530978081.jpg
838,btv1b530978208.jpg
1689,btv1b530978314.jpg
1240,btv1b53097837t.jpg
569,btv1b530978420.jpg
212,btv1b53097844w.jpg
116,btv1b530978494.jpg
1605,btv1b53097868h.jpg
975,btv1b53097875k.jpg
1277,btv1b53097877g.jpg
1454,btv1b53097889s.jpg
1006,btv1b53097907z.jpg
1411,btv1b53097915g.jpg
155,btv1b530979198.jpg
580,btv1b53097927s.jpg
757,btv1b530979302.jpg
1092,btv1b53097933d.jpg
1784,btv1b53097956k.jpg
1495,btv1b53097958g.jpg
255,btv1b53097963n.jpg
519,btv1b530979660.jpg
1063,btv1b53097969b.jpg
563,btv1b53097970q.jpg
323,btv1b53097975z.jpg
43,btv1b53097983g.jpg
691,btv1b53097992f.jpg
206,btv1b530979984.jpg
833,btv1b53098002n.jpg
1042,btv1b530980033.jpg
1255,btv1b530980357.jpg
94,btv1b530980463.jpg
1523,btv1b53098052q.jpg
394,btv1b53098072j.jpg
1151,btv1b53098082z.jpg
1700,btv1b53098086r.jpg
132,btv1b530980893.jpg
1480,btv1b530981004.jpg
110,btv1b53098103g.jpg
161,btv1b53098114b.jpg
1043,btv1b53098130c.jpg
753,btv1b53098148c.jpg
907,btv1b530981919.jpg
1032,btv1b53098202d.jpg
171,btv1b53098211c.jpg
689,btv1b53098220b.jpg
1706,btv1b53100726n.jpg
135,btv1b531007273.jpg
122,btv1b53100728j.jpg
393,btv1b531007328.jpg
491,btv1b53100735m.jpg
826,btv1b531007362.jpg
1323,btv1b53100737h.jpg
971,btv1b53100742p.jpg
1335,btv1b53100755f.jpg
769,btv1b53100756w.jpg
1414,btv1b531007669.jpg
576,btv1b53100776q.jpg
1235,btv1b531007792.jpg
1284,btv1b53100780f.jpg
631,btv1b53100783s.jpg
1462,btv1b53100790v.jpg
327,btv1b531007936.jpg
442,btv1b53100796j.jpg
1012,btv1b531007970.jpg
781,btv1b53100798f.jpg
391,btv1b53100801z.jpg
71,btv1b53100802d.jpg
751,btv1b53100805r.jpg
1211,btv1b531008066.jpg
869,btv1b53100807n.jpg
535,btv1b53100810x.jpg
1268,btv1b531008138.jpg
133,btv1b53100814q.jpg
1779,btv1b531008172.jpg
1596,btv1b53100819z.jpg
257,btv1b531008227.jpg
968,btv1b53100828x.jpg
494,btv1b53100829c.jpg
1024,btv1b53100832n.jpg
1794,btv1b53100834j.jpg
1564,btv1b53100837w.jpg
673,btv1b53100845d.jpg
1111,btv1b53100846v.jpg
511,btv1b53100850k.jpg
261,btv1b53100855t.jpg
1529,btv1b53100857q.jpg
1538,btv1b53100859m.jpg
1383,btv1b53100861f.jpg
995,btv1b53100868k.jpg
466,btv1b531008691.jpg
1282,btv1b53100870d.jpg
522,btv1b53100873r.jpg
1644,btv1b531008763.jpg
1563,btv1b531008835.jpg
925,btv1b53100889v.jpg
1555,btv1b531008941.jpg
1612,btv1b53100895g.jpg
1550,btv1b53100896x.jpg
1680,btv1b53100906k.jpg
221,btv1b531009071.jpg
1527,btv1b531009109.jpg
1748,btv1b531009126.jpg
270,btv1b53100913n.jpg
587,btv1b531009215.jpg
234,btv1b53100925z.jpg
134,btv1b53100926d.jpg
1429,btv1b53100931k.jpg
1733,btv1b53100933g.jpg
748,btv1b53100936t.jpg
1210,btv1b531009378.jpg
934,btv1b53100938q.jpg
486,btv1b531009410.jpg
1278,btv1b53100942f.jpg
1546,btv1b53100944b.jpg
1399,btv1b53100945s.jpg
33,btv1b531009467.jpg
1710,btv1b53100950z.jpg
84,btv1b53100951d.jpg
1219,btv1b531009556.jpg
577,btv1b53100958j.jpg
621,btv1b53100960c.jpg
271,btv1b531009662.jpg
1427,btv1b53100969d.jpg
222,btv1b531009717.jpg
186,btv1b531043430.jpg
1101,btv1b53104347s.jpg
541,btv1b531043487.jpg
1205,btv1b53104352z.jpg
67,btv1b53104354v.jpg
1547,btv1b531043559.jpg
1769,btv1b53104358n.jpg
180,btv1b531043593.jpg
1790,btv1b53104360g.jpg
1140,btv1b531043648.jpg
1025,btv1b531043665.jpg
454,btv1b53104367m.jpg
955,btv1b53104370w.jpg
1187,btv1b53104371b.jpg
840,btv1b53104372s.jpg
849,btv1b531043737.jpg
371,btv1b53104374p.jpg
382,btv1b531043754.jpg
48,btv1b53104376k.jpg
1419,btv1b531043771.jpg
1514,btv1b53104379x.jpg
1476,btv1b531043809.jpg
434,btv1b53104381r.jpg
1798,btv1b531043826.jpg
258,btv1b53104400c.jpg
156,btv1b531044028.jpg
1299,btv1b531044045.jpg
671,btv1b53104410s.jpg
908,btv1b53104412p.jpg
1681,btv1b53104417x.jpg
1505,btv1b531044223.jpg
70,btv1b53104423j.jpg
865,btv1b53104426w.jpg
1100,btv1b53104428s.jpg
1036,btv1b531044297.jpg
924,btv1b53104430m.jpg
876,btv1b53104432h.jpg
813,btv1b53104433z.jpg
1489,btv1b53104435v.jpg
1703,btv1b531044386.jpg
240,btv1b531044401.jpg
922,btv1b53104444t.jpg
916,btv1b531044492.jpg
1046,btv1b53104453s.jpg
1507,btv1b53104455p.jpg
145,btv1b531044564.jpg
1766,btv1b531044581.jpg
909,btv1b531044653.jpg
513,btv1b53104473m.jpg
1633,btv1b53104476z.jpg
1568,btv1b53104480p.jpg
1471,btv1b531044814.jpg
441,btv1b53104484g.jpg
1248,btv1b53104486c.jpg
388,btv1b53104494w.jpg
46,btv1b53104498p.jpg
52,btv1b531044994.jpg
1560,btv1b53104506f.jpg
1391,btv1b53104507w.jpg
419,btv1b53104508b.jpg
398,btv1b53104511m.jpg
1406,btv1b53104513h.jpg
484,btv1b53104518r.jpg
276,btv1b53104547j.jpg
218,btv1b531045535.jpg
666,btv1b531045552.jpg
574,btv1b53104557z.jpg
305,btv1b53107132d.jpg
1787,btv1b531071472.jpg
1609,btv1b53107149z.jpg
1613,btv1b53107150b.jpg
635,btv1b53107159c.jpg
1569,btv1b53107167w.jpg
159,btv1b53107191f.jpg
1185,btv1b53107194s.jpg
1095,btv1b53107205w.jpg
1362,btv1b53107234p.jpg
1464,btv1b531072354.jpg
854,btv1b531072515.jpg
1099,btv1b53107270j.jpg
440,btv1b53107303c.jpg
1470,btv1b53107306q.jpg
723,btv1b531073147.jpg
735,btv1b53107319g.jpg
1257,btv1b53107320v.jpg
1326,btv1b53107337d.jpg
292,btv1b53107344g.jpg
200,btv1b53107353f.jpg
495,btv1b53107361z.jpg
1037,btv1b531077675.jpg
772,btv1b53107772b.jpg
1328,btv1b53107789w.jpg
1777,btv1b531077942.jpg
1318,btv1b53107802t.jpg
1519,btv1b531078055.jpg
559,btv1b531078161.jpg
525,btv1b53107820r.jpg
482,btv1b531078216.jpg
1333,btv1b531078233.jpg
348,btv1b53107824j.jpg
1772,btv1b531078250.jpg
1670,btv1b53107831m.jpg
1674,btv1b53107845t.jpg
1388,btv1b531078485.jpg
1615,btv1b53107853b.jpg
1217,btv1b53107854s.jpg
1050,btv1b531078591.jpg
102,btv1b53107865n.jpg
1809,btv1b53107867j.jpg
1682,btv1b531078680.jpg
1477,btv1b53107869f.jpg
1188,btv1b53107878d.jpg
316,btv1b53107885g.jpg
1806,btv1b531078898.jpg
740,btv1b53107899p.jpg
1704,btv1b53107901r.jpg
582,btv1b531079043.jpg
1258,btv1b53107907f.jpg
819,btv1b53107908w.jpg
932,btv1b531079115.jpg
712,btv1b531079132.jpg
1802,btv1b531079204.jpg
39,btv1b53107942v.jpg
860,btv1b53107946n.jpg
905,btv1b53107950c.jpg
445,btv1b53107953q.jpg
1801,btv1b531079562.jpg
326,btv1b53107957h.jpg
1580,btv1b53107958z.jpg
596,btv1b53107967x.jpg
1000,btv1b531079706.jpg
402,btv1b53107982h.jpg
1049,btv1b53107985v.jpg
716,btv1b53107987r.jpg
1273,btv1b531079886.jpg
706,btv1b53107989n.jpg
875,btv1b53107991g.jpg
468,btv1b53107992x.jpg
988,btv1b53107993c.jpg
1604,btv1b53107994t.jpg
238,btv1b531079958.jpg
188,btv1b53107996q.jpg
129,btv1b531079975.jpg
198,btv1b53107998m.jpg
1302,btv1b531080007.jpg
1190,btv1b53108001p.jpg
729,btv1b531080024.jpg
1666,btv1b531115861.jpg
1431,btv1b53111623k.jpg
602,btv1b53111626x.jpg
847,btv1b53111740f.jpg
727,btv1b53111741w.jpg
1113,btv1b531117553.jpg
1204,btv1b531117608.jpg
51,btv1b53111801m.jpg
837,btv1b53111808r.jpg
894,btv1b531118848.jpg
565,btv1b531118865.jpg
1119,btv1b53111923q.jpg
268,btv1b531119317.jpg
726,btv1b53111936g.jpg
427,btv1b531119512.jpg
638,btv1b531119601.jpg
252,btv1b531120226.jpg
318,btv1b531120421.jpg
1160,btv1b531120728.jpg
1556,btv1b53112075m.jpg
244,btv1b53112077h.jpg
1249,btv1b531121019.jpg
1019,btv1b53112102r.jpg
1307,btv1b53112118v.jpg
1601,btv1b53112129q.jpg
1435,btv1b53112131j.jpg
1719,btv1b531138661.jpg
285,btv1b53113869c.jpg
653,btv1b531138750.jpg
945,btv1b531139041.jpg
516,btv1b53113907c.jpg
737,btv1b531139098.jpg
1553,btv1b53113921h.jpg
1145,btv1b53113932c.jpg
293,btv1b531139560.jpg
435,btv1b531139615.jpg
1572,btv1b531139632.jpg
884,btv1b53117321m.jpg
543,btv1b531173222.jpg
1587,btv1b53117326v.jpg
21,btv1b53117328r.jpg
350,btv1b53117330k.jpg
79,btv1b53117332g.jpg
709,btv1b53117334c.jpg
642,btv1b53117335t.jpg
1161,btv1b53117337q.jpg
825,btv1b53117343b.jpg
407,btv1b53117344s.jpg
35,btv1b531173491.jpg
1702,btv1b53117350d.jpg
1590,btv1b531173529.jpg
722,btv1b531173635.jpg
1623,btv1b53117364m.jpg
165,btv1b531173652.jpg
166,btv1b53117366h.jpg
379,btv1b53117368d.jpg
384,btv1b53117369v.jpg
685,btv1b53117376x.jpg
549,btv1b53117378t.jpg
965,btv1b53117380n.jpg
734,btv1b531173813.jpg
846,btv1b53117382j.jpg
275,btv1b53117386b.jpg
1753,btv1b53117389p.jpg
13,btv1b53117392z.jpg
1141,btv1b53117394v.jpg
672,btv1b531173976.jpg
1516,btv1b53117411k.jpg
1515,btv1b531174121.jpg
1062,btv1b531174195.jpg
700,btv1b531174210.jpg
999,btv1b53117423w.jpg
1597,btv1b53117425s.jpg
229,btv1b531174267.jpg
417,btv1b53117427p.jpg
127,btv1b53117429k.jpg
1503,btv1b53117430z.jpg
408,btv1b531174339.jpg
930,btv1b53117434r.jpg
981,btv1b531174356.jpg
1767,btv1b53117447h.jpg
421,btv1b531174517.jpg
810,btv1b53117456g.jpg
1030,btv1b53117458c.jpg
1057,btv1b53117461n.jpg
367,btv1b53117467b.jpg
1242,btv1b53117474d.jpg
1631,btv1b531174858.jpg
1533,btv1b531174875.jpg
1455,btv1b53117491w.jpg
220,btv1b53117492b.jpg
1349,btv1b531174964.jpg
1437,btv1b531175003.jpg
142,btv1b53117501j.jpg
296,btv1b53117503f.jpg
696,btv1b53117510h.jpg
660,btv1b53117512d.jpg
423,btv1b53117515r.jpg
613,btv1b531175255.jpg
1238,btv1b53117531s.jpg
1565,btv1b53117538x.jpg
447,btv1b531175450.jpg
573,btv1b53117548b.jpg
548,btv1b53117549s.jpg
949,btv1b531175505.jpg
1202,btv1b53117553h.jpg
61,btv1b53117555d.jpg
273,btv1b53117558r.jpg
109,btv1b53118765x.jpg
375,btv1b531187703.jpg
739,btv1b53118776s.jpg
728,btv1b531187777.jpg
1200,btv1b531187794.jpg
890,btv1b53118780h.jpg
1478,btv1b53118789j.jpg
387,btv1b53118792t.jpg
517,btv1b53118796m.jpg
1290,btv1b531187972.jpg
1445,btv1b53118803x.jpg
465,btv1b531188085.jpg
1208,btv1b531188100.jpg
490,btv1b53118812w.jpg
287,btv1b53118814s.jpg
246,btv1b531188157.jpg
1729,btv1b53118816p.jpg
1762,btv1b531188174.jpg
1677,btv1b531188229.jpg
10,btv1b53118823r.jpg
1422,btv1b53118843k.jpg
736,btv1b53118845g.jpg
863,btv1b53118848t.jpg
1353,btv1b531188513.jpg
688,btv1b531188530.jpg
1791,btv1b53118856b.jpg
1430,btv1b53118862z.jpg
359,btv1b53118863d.jpg
752,btv1b53118864v.jpg
1082,btv1b53118866r.jpg
1048,btv1b531188676.jpg
822,btv1b53118871x.jpg
533,btv1b53118873t.jpg
414,btv1b53118877m.jpg
197,btv1b531188782.jpg
1647,btv1b53118882s.jpg
1212,btv1b53118884p.jpg
1162,btv1b531188854.jpg
1387,btv1b53118898w.jpg
1603,btv1b53118899b.jpg
1630,btv1b53118904r.jpg
551,btv1b53118915m.jpg
684,btv1b53118918z.jpg
720,btv1b53118920s.jpg
749,btv1b531189217.jpg
248,btv1b53118926g.jpg
1509,btv1b53118927x.jpg
87,btv1b531189306.jpg
1262,btv1b531189397.jpg
1493,btv1b53118945v.jpg
237,btv1b53118947r.jpg
31,btv1b531189501.jpg
397,btv1b53118951g.jpg
1172,btv1b53118954t.jpg
647,btv1b53118958m.jpg
1807,btv1b53118969g.jpg
381,btv1b53118970v.jpg
1425,btv1b53118972r.jpg
1296,btv1b53118976j.jpg
946,btv1b53118979w.jpg
1468,btv1b53118987d.jpg
1754,btv1b53118990p.jpg
1056,btv1b53118996c.jpg
509,btv1b53118999q.jpg
321,btv1b53120215h.jpg
1329,btv1b53120224g.jpg
1487,btv1b53120243v.jpg
1094,btv1b53120250x.jpg
401,btv1b53120258h.jpg
1690,btv1b53120263p.jpg
1237,btv1b531202644.jpg
558,btv1b531202661.jpg
1020,btv1b53120269c.jpg
610,btv1b53120270r.jpg
626,btv1b531202716.jpg
502,btv1b53120272n.jpg
280,btv1b53120274j.jpg
111,btv1b53120281m.jpg
1675,btv1b53120283h.jpg
546,btv1b53120285d.jpg
785,btv1b53120288r.jpg
1064,btv1b53120293x.jpg
420,btv1b531203041.jpg
422,btv1b53120306x.jpg
1699,btv1b53120307c.jpg
705,btv1b53120314f.jpg
984,btv1b53120317s.jpg
640,btv1b531203187.jpg
256,btv1b53120333t.jpg
1285,btv1b531203348.jpg
947,btv1b531203365.jpg
1171,btv1b53120382f.jpg
1324,btv1b53120383w.jpg
1606,btv1b53120390z.jpg
1153,btv1b53120396n.jpg
996,btv1b531203990.jpg
1783,btv1b531204069.jpg
1389,btv1b531204086.jpg
76,btv1b53120411g.jpg
1047,btv1b531204192.jpg
789,btv1b53120421w.jpg
1121,btv1b53120423s.jpg
1740,btv1b531204336.jpg
953,btv1b53120436j.jpg
1292,btv1b53120439w.jpg
1079,btv1b531204408.jpg
864,btv1b53120443m.jpg
251,btv1b53120447d.jpg
88,btv1b531238005.jpg
236,btv1b53123803h.jpg
1169,btv1b53123889h.jpg
808,btv1b531238937.jpg
302,btv1b53123898g.jpg
1401,btv1b53123925m.jpg
403,btv1b53123927h.jpg
304,btv1b53123932p.jpg
471,btv1b531239351.jpg
1336,btv1b531239406.jpg
17,btv1b531239497.jpg
540,btv1b53124012s.jpg
193,btv1b53124018g.jpg
628,btv1b531240243.jpg
1313,btv1b53124027f.jpg
1366,btv1b53124037v.jpg
1502,btv1b531241320.jpg
329,btv1b53124170r.jpg
902,btv1b531241750.jpg
784,btv1b53124177w.jpg
1003,btv1b53124179s.jpg
961,btv1b53124183h.jpg
668,btv1b531241968.jpg
935,btv1b531242113.jpg
1393,btv1b53124216b.jpg
1811,btv1b531242202.jpg
259,btv1b531242382.jpg
163,btv1b531242437.jpg
1795,btv1b53124692c.jpg
575,btv1b531246948.jpg
1088,btv1b53124705c.jpg
1358,btv1b53124737h.jpg
724,btv1b531248155.jpg
1705,btv1b53124828x.jpg
1513,btv1b531248674.jpg
1543,btv1b531250984.jpg
1544,btv1b53126675k.jpg
882,btv1b53126687w.jpg
711,btv1b53126738n.jpg
1209,btv1b53126742c.jpg
192,btv1b531268631.jpg
805,btv1b531268866.jpg
355,btv1b53126898h.jpg
392,btv1b53126899z.jpg
1127,btv1b53126995j.jpg
1562,btv1b53127009j.jpg
604,btv1b53127014q.jpg
1530,btv1b53127046v.jpg
1371,btv1b53127053x.jpg
940,btv1b53127061f.jpg
695,btv1b531270780.jpg
1096,btv1b531270835.jpg
44,btv1b53127101b.jpg
1327,btv1b53127129r.jpg
469,btv1b531271467.jpg
963,btv1b53128838q.jpg
151,btv1b53128847p.jpg
1023,btv1b531288590.jpg
168,btv1b531289008.jpg
1755,btv1b53128903m.jpg
1559,btv1b53128939j.jpg
1599,btv1b53128941c.jpg
1105,btv1b531289472.jpg
1576,btv1b53128960r.jpg
1225,btv1b53129204r.jpg
1691,btv1b531292234.jpg
1015,btv1b53129227x.jpg
1723,btv1b53129262b.jpg
1655,btv1b53129263s.jpg
16,btv1b53129274n.jpg
289,btv1b531292808.jpg
537,btv1b531292931.jpg
1800,btv1b53130975z.jpg
1744,btv1b53130981k.jpg
1745,btv1b531309821.jpg
1373,btv1b53130994b.jpg
1651,btv1b531313304.jpg
1001,btv1b53131394d.jpg
801,btv1b53131397r.jpg
791,btv1b53131403m.jpg
390,btv1b53131412k.jpg
762,btv1b531329780.jpg
663,btv1b531330388.jpg
1154,btv1b531330420.jpg
1618,btv1b53133053v.jpg
888,btv1b53133061c.jpg
1413,btv1b53133136r.jpg
1184,btv1b531331448.jpg
214,btv1b53133158g.jpg
118,btv1b53134126p.jpg
1501,btv1b531341452.jpg
338,btv1b53134153k.jpg
38,btv1b53134167s.jpg
1466,btv1b53134220c.jpg
57,btv1b53134238c.jpg
560,btv1b53134250m.jpg
83,btv1b531342781.jpg
1086,btv1b53134286j.jpg
1661,btv1b531342942.jpg
1452,btv1b53134331m.jpg
920,btv1b531343379.jpg
774,btv1b53134343x.jpg
943,btv1b53134477b.jpg
871,btv1b531345103.jpg
294,btv1b531345177.jpg
1364,btv1b53134521z.jpg
1692,btv1b53134522d.jpg
1017,btv1b53134525r.jpg
439,btv1b53134550r.jpg
1265,btv1b53134570k.jpg
998,btv1b53134572g.jpg
1486,btv1b531345768.jpg
954,btv1b53137520j.jpg
1479,btv1b53137547h.jpg
1780,btv1b53137588m.jpg
765,btv1b53137597k.jpg
1656,btv1b53137637g.jpg
1031,btv1b53137644j.jpg
649,btv1b531376450.jpg
100,btv1b531376829.jpg
1416,btv1b53137698d.jpg
86,btv1b531377048.jpg
886,btv1b53137723n.jpg
108,btv1b531377260.jpg
1746,btv1b531377332.jpg
616,btv1b53137737v.jpg
1191,btv1b531377421.jpg
41,btv1b53137746t.jpg
1625,btv1b531377495.jpg
1793,btv1b53137752f.jpg
552,btv1b531377567.jpg
1085,btv1b53137762v.jpg
521,btv1b531377639.jpg
1737,btv1b53137764r.jpg
1438,btv1b531377690.jpg
586,btv1b53137775m.jpg
770,btv1b53137795f.jpg
504,btv1b531378053.jpg
1228,btv1b53137888r.jpg
1176,btv1b53137892g.jpg
1386,btv1b53137905g.jpg
1091,btv1b531379187.jpg
332,btv1b53137926r.jpg
1537,btv1b53137932c.jpg
843,btv1b531379348.jpg
960,btv1b531379437.jpg
138,btv1b53137985s.jpg
147,btv1b531390941.jpg
105,btv1b531391054.jpg
1595,btv1b53139124h.jpg
512,btv1b53139183j.jpg
1668,btv1b531392008.jpg
320,btv1b531392203.jpg
1352,btv1b53139228p.jpg
952,btv1b53139230h.jpg
1283,btv1b53139233v.jpg
368,btv1b531392349.jpg
852,btv1b53139248h.jpg
1669,btv1b53139275d.jpg
175,btv1b53139280k.jpg
520,btv1b53139284c.jpg
1267,btv1b531392900.jpg
880,btv1b53139293b.jpg
409,btv1b531392957.jpg
944,btv1b53139302j.jpg
1805,btv1b53139312z.jpg
713,btv1b53139323t.jpg
1395,btv1b531393265.jpg
458,btv1b53139437d.jpg
806,btv1b53139442k.jpg
1059,btv1b53139474q.jpg
56,btv1b531395387.jpg
1407,btv1b531395402.jpg
795,btv1b53139552c.jpg
204,btv1b531395582.jpg
139,btv1b53139562s.jpg
1616,btv1b531414157.jpg
1718,btv1b53141463d.jpg
1785,btv1b53141477m.jpg
231,btv1b53141499b.jpg
1052,btv1b531415039.jpg
283,btv1b53141504r.jpg
1694,btv1b531415128.jpg
1138,btv1b53141518z.jpg
823,btv1b531415234.jpg
1614,btv1b53141526g.jpg
400,btv1b53141529t.jpg
464,btv1b53141540m.jpg
58,btv1b53141572r.jpg
328,btv1b531416400.jpg
1355,btv1b531416457.jpg
1541,btv1b531416546.jpg
1525,btv1b53141659f.jpg
1107,btv1b53141667z.jpg
595,btv1b531416707.jpg
982,btv1b531416724.jpg
1504,btv1b53141675g.jpg
1124,btv1b531417015.jpg
1461,btv1b53141773z.jpg
659,btv1b53144464w.jpg
313,btv1b53144508k.jpg
956,btv1b531445180.jpg
994,btv1b53144522q.jpg
1558,btv1b53144529v.jpg
179,btv1b53144533k.jpg
933,btv1b53144536x.jpg
1403,btv1b531445487.jpg
579,btv1b531445559.jpg
885,btv1b531445576.jpg
815,btv1b53144558n.jpg
1033,btv1b531445593.jpg
906,btv1b53144576k.jpg
1424,btv1b531445860.jpg
657,btv1b531446045.jpg
1771,btv1b53144616g.jpg
554,btv1b53144625f.jpg
1055,btv1b531446475.jpg
228,btv1b531447300.jpg
1607,btv1b53144749f.jpg
250,btv1b53144772j.jpg
1075,btv1b53144775w.jpg
1182,btv1b53144779p.jpg
1069,btv1b531447965.jpg
1109,btv1b53144804x.jpg
1398,btv1b531448612.jpg
1441,btv1b53144863z.jpg
1279,btv1b531448847.jpg
92,btv1b531468643.jpg
1679,btv1b53146888q.jpg
969,btv1b53146895s.jpg
1150,btv1b531469097.jpg
1114,btv1b531469508.jpg
1337,btv1b53146973f.jpg
1459,btv1b531471496.jpg
605,btv1b531471763.jpg
1356,btv1b53147268z.jpg
101,btv1b53147283j.jpg
1742,btv1b531472986.jpg
483,btv1b531483247.jpg
1757,btv1b53148399c.jpg
1622,btv1b53148403b.jpg
1167,btv1b53148428d.jpg
1594,btv1b531484430.jpg
1118,btv1b531484682.jpg
1773,btv1b53148510s.jpg
939,btv1b53148514k.jpg
1518,btv1b531485475.jpg
704,btv1b53148578v.jpg
866,btv1b53148580p.jpg
150,btv1b53148586c.jpg
557,btv1b53148606f.jpg
1197,btv1b53148611m.jpg
335,btv1b53148623x.jpg
78,btv1b53148636p.jpg
1097,btv1b531486446.jpg
457,btv1b53148650t.jpg
50,btv1b53148681h.jpg
34,btv1b531487095.jpg
1673,btv1b531487110.jpg
1117,btv1b53148738z.jpg
196,btv1b53149416f.jpg
1626,btv1b53149421m.jpg
1512,btv1b531494222.jpg
1233,btv1b53149430k.jpg
686,btv1b531494311.jpg
1396,btv1b53149475g.jpg
349,btv1b53149477c.jpg
694,btv1b53149489p.jpg
1641,btv1b531494959.jpg
970,btv1b53149514x.jpg
979,btv1b53149540c.jpg
383,btv1b531495697.jpg
895,btv1b53149575v.jpg
1263,btv1b53149672w.jpg
1524,btv1b53149791n.jpg
1244,btv1b531511463.jpg
377,btv1b53151158d.jpg
1168,btv1b53151191x.jpg
297,btv1b531512506.jpg
497,btv1b53151276q.jpg
515,btv1b53151449k.jpg
913,btv1b531514734.jpg
1016,btv1b53151516c.jpg
1724,btv1b53151550b.jpg
1018,btv1b53151560r.jpg
213,btv1b531515650.jpg
1686,btv1b53152129z.jpg
1310,btv1b531521416.jpg
790,btv1b53152158r.jpg
585,btv1b531521791.jpg
878,btv1b53152225j.jpg
802,btv1b53152341z.jpg
217,btv1b53152345r.jpg
1252,btv1b531524382.jpg
1004,btv1b531524437.jpg
619,btv1b531524560.jpg
1040,btv1b531540548.jpg
1436,btv1b53154230d.jpg
633,btv1b531542380.jpg
985,btv1b531542598.jpg
1051,btv1b531542613.jpg
162,btv1b531542687.jpg
317,btv1b53154290w.jpg
892,btv1b53154299x.jpg
1331,btv1b53154305s.jpg
279,btv1b53154320c.jpg
169,btv1b531543228.jpg
986,btv1b531543692.jpg
128,btv1b531543836.jpg
1206,btv1b53154391q.jpg
652,btv1b53154487c.jpg
1653,btv1b53154499p.jpg
542,btv1b531558536.jpg
1203,btv1b53155955g.jpg
637,btv1b53155978n.jpg
488,btv1b53156013v.jpg
152,btv1b531560433.jpg
432,btv1b53156058r.jpg
1175,btv1b531562288.jpg
1223,btv1b53157397f.jpg
190,btv1b53157404r.jpg
230,btv1b531574090.jpg
1022,btv1b53157420s.jpg
507,btv1b531574340.jpg
267,btv1b53157445v.jpg
632,btv1b53157463s.jpg
1741,btv1b53157503p.jpg
1195,btv1b531575044.jpg
733,btv1b53157507g.jpg
347,btv1b53157611k.jpg
1714,btv1b53157666w.jpg
1239,btv1b531577094.jpg
529,btv1b53157753h.jpg
1721,btv1b53159531q.jpg
750,btv1b53159538v.jpg
385,btv1b531595683.jpg
898,btv1b53159576m.jpg
260,btv1b53159587g.jpg
1156,btv1b531596080.jpg
702,btv1b53159673n.jpg
295,btv1b53159724d.jpg
588,btv1b531597392.jpg
1720,btv1b53159750v.jpg
977,btv1b53159754n.jpg
428,btv1b53159786s.jpg
1749,btv1b53159793v.jpg
656,btv1b53159804z.jpg
1271,btv1b53159810k.jpg
572,btv1b531598274.jpg
446,btv1b53159851p.jpg
1579,btv1b53159856x.jpg
1786,btv1b53159899x.jpg
566,btv1b531599156.jpg
343,btv1b531600027.jpg
1369,btv1b531617741.jpg
1132,btv1b53161792z.jpg
928,btv1b53161814x.jpg
1561,btv1b53161866w.jpg
1708,btv1b53161922t.jpg
773,btv1b53161928h.jpg
1221,btv1b531619522.jpg
796,btv1b53162017k.jpg
1446,btv1b531620488.jpg
1181,btv1b53162078h.jpg
1060,btv1b53162098b.jpg
615,btv1b53162148n.jpg
291,btv1b53162160w.jpg
1347,btv1b531622212.jpg
1776,btv1b531634573.jpg
1460,btv1b531634628.jpg
362,btv1b531634751.jpg
1751,btv1b53163494d.jpg
1044,btv1b53163519q.jpg
477,btv1b53163560r.jpg
1029,btv1b531635796.jpg
303,btv1b53163593b.jpg
1078,btv1b53163612z.jpg
1269,btv1b53163630w.jpg
1620,btv1b53163639x.jpg
980,btv1b53163647f.jpg
1072,btv1b53163666t.jpg
915,btv1b53163717k.jpg
1752,btv1b53163726j.jpg
1009,btv1b531637342.jpg
1457,btv1b53163749q.jpg
1344,btv1b53163763v.jpg
235,btv1b53163769j.jpg
539,btv1b53163828t.jpg
983,btv1b531638313.jpg
1272,btv1b531638459.jpg
337,btv1b53163857m.jpg
646,btv1b531647297.jpg
639,btv1b53164753s.jpg
553,btv1b531647653.jpg
793,btv1b53164768f.jpg
767,btv1b531648016.jpg
136,btv1b53164942p.jpg
771,btv1b53164948c.jpg
820,btv1b53165010g.jpg
1338,btv1b53165013t.jpg
95,btv1b53165037f.jpg
690,btv1b53165044h.jpg
851,btv1b531650504.jpg
1510,btv1b53165074r.jpg
143,btv1b53165097x.jpg
670,btv1b53165103s.jpg
1294,btv1b53165114n.jpg
526,btv1b53165139q.jpg
23,btv1b531651494.jpg
449,btv1b53165179c.jpg
1581,btv1b53168872x.jpg
501,btv1b53168881w.jpg
1309,btv1b531689244.jpg
1229,btv1b531689333.jpg
1575,btv1b53168939s.jpg
887,btv1b53168944z.jpg
274,btv1b53169003s.jpg
146,btv1b531690208.jpg
1660,btv1b53169036c.jpg
510,btv1b53169073p.jpg
1375,btv1b53169109v.jpg
777,btv1b531691213.jpg
42,btv1b531691465.jpg
12,btv1b53169201n.jpg
66,btv1b531692347.jpg
406,btv1b531692381.jpg
479,btv1b53169248f.jpg
205,btv1b53169275b.jpg
1542,btv1b53169280h.jpg
1557,btv1b53170633h.jpg
818,btv1b53170642g.jpg
923,btv1b53170643x.jpg
284,btv1b53170653b.jpg
333,btv1b531706898.jpg
301,btv1b53170703n.jpg
75,btv1b531707189.jpg
1531,btv1b53170805x.jpg
1506,btv1b53170852n.jpg
1189,btv1b53170877q.jpg
1178,btv1b53170879m.jpg
346,btv1b53170999t.jpg
473,btv1b53171026h.jpg
1727,btv1b531710413.jpg
612,btv1b531710682.jpg
590,btv1b53171403v.jpg
957,btv1b531714405.jpg
1007,btv1b53171459m.jpg
1734,btv1b53171466p.jpg
1103,btv1b531715321.jpg
334,btv1b531715628.jpg
989,btv1b53171615x.jpg
959,btv1b531716561.jpg
286,btv1b53171671m.jpg
698,btv1b53171729h.jpg
1281,btv1b531717337.jpg
1274,btv1b53171748w.jpg
1412,btv1b531717621.jpg
1139,btv1b53171770j.jpg
1251,btv1b531717928.jpg
90,btv1b531730679.jpg
1448,btv1b531730857.jpg
173,btv1b531730929.jpg
1183,btv1b53173185m.jpg
330,btv1b53173198c.jpg
47,btv1b53173248p.jpg
433,btv1b53173251z.jpg
1732,btv1b53173268h.jpg
226,btv1b531732727.jpg
538,btv1b53173349h.jpg
1034,btv1b53173352s.jpg
1123,btv1b531734112.jpg
874,btv1b531734525.jpg
28,btv1b531734542.jpg
1789,btv1b53175366p.jpg
288,btv1b53175424h.jpg
1585,btv1b53175467h.jpg
967,btv1b53175478c.jpg
832,btv1b531755131.jpg
1494,btv1b53175576v.jpg
1166,btv1b531755885.jpg
911,btv1b531756030.jpg
404,btv1b531759966.jpg
524,btv1b53176016t.jpg
1245,btv1b53176023w.jpg
1637,btv1b531760445.jpg
59,btv1b531760462.jpg
683,btv1b53176112d.jpg
1716,btv1b53176121c.jpg
1492,btv1b53178061b.jpg
1370,btv1b531781051.jpg
1654,btv1b53178149g.jpg
374,btv1b531782346.jpg
54,btv1b531782418.jpg
1164,btv1b53178285q.jpg
532,btv1b53178336g.jpg
448,btv1b53178382r.jpg
1061,btv1b53178401c.jpg
154,btv1b53178406m.jpg
1697,btv1b53178410b.jpg
782,btv1b531784144.jpg
411,btv1b53181016d.jpg
115,btv1b531810367.jpg
1312,btv1b53181053q.jpg
174,btv1b531810992.jpg
353,btv1b53181130x.jpg
1628,btv1b53181166v.jpg
62,btv1b531811696.jpg
1350,btv1b531812521.jpg
1760,btv1b53181262f.jpg
413,btv1b531813331.jpg
69,btv1b53181350h.jpg
1463,btv1b53181368h.jpg
1192,btv1b53181375k.jpg
1300,btv1b531814018.jpg
53,btv1b53181404m.jpg
1782,btv1b531875042.jpg
1511,btv1b531875455.jpg
370,btv1b531875472.jpg
1683,btv1b53187553p.jpg
1266,btv1b53187596p.jpg
1374,btv1b53187620g.jpg
366,btv1b53187661k.jpg
725,btv1b53187665c.jpg
848,btv1b53187668q.jpg
792,btv1b53187673w.jpg
208,btv1b53187675s.jpg
114,btv1b531876784.jpg
976,btv1b53187703c.jpg
1671,btv1b53187712b.jpg
1264,btv1b53187715p.jpg
856,btv1b53187720v.jpg
36,btv1b53187724n.jpg
1080,btv1b53187754w.jpg
1498,btv1b53187785k.jpg
1803,btv1b53187800d.jpg
778,btv1b531878080.jpg
195,btv1b531878582.jpg
170,btv1b531878637.jpg
742,btv1b53187866k.jpg
620,btv1b53187884h.jpg
1688,btv1b53187945p.jpg
1286,btv1b53187956j.jpg
861,btv1b531879570.jpg
1186,btv1b53190973x.jpg
530,btv1b53191066s.jpg
68,btv1b531910749.jpg
1649,btv1b531910961.jpg
611,btv1b53191181r.jpg
281,btv1b53191185j.jpg
239,btv1b53191200c.jpg
125,btv1b531912028.jpg
1341,btv1b53191209d.jpg
1643,btv1b531912151.jpg
1640,btv1b53191217x.jpg
845,btv1b53191233z.jpg
1645,btv1b53191262r.jpg
717,btv1b53191264n.jpg
1102,btv1b531912725.jpg
534,btv1b53191273m.jpg
800,btv1b531913179.jpg
85,btv1b53191333b.jpg
630,btv1b531913787.jpg
1808,btv1b53191384v.jpg
958,btv1b531913982.jpg
339,btv1b53193245z.jpg
714,btv1b53193387w.jpg
1361,btv1b531935112.jpg
764,btv1b53193523c.jpg
26,btv1b53193524t.jpg
32,btv1b531935292.jpg
877,btv1b531935381.jpg
472,btv1b53193539g.jpg
786,btv1b531935631.jpg
966,btv1b53193576s.jpg
1143,btv1b53193582d.jpg
662,btv1b531936659.jpg
356,btv1b53193679h.jpg
608,btv1b53193717h.jpg
850,btv1b53193719d.jpg
661,btv1b53193722p.jpg
1535,btv1b550092156.jpg
